position,layer,attack_mean,attack_lo,attack_hi,clean_mean,clean_lo,clean_hi,auroc,auroc_lo,auroc_hi,spearman_success_rate,spearman_lo,spearman_hi,n_attack,n_clean
benign_email_end,0,0.0,0.0,0.0,0.0,0.0,0.0,0.5,0.5,0.5,nan,nan,nan,200,203
benign_email_end,1,0.0,0.0,0.0,0.0,0.0,0.0,0.4518,0.4016,0.5053,-0.0049,-0.153,0.1427,200,203
benign_email_end,2,0.0,0.0,0.0,0.0,0.0,0.0,0.4225,0.3694,0.4744,0.0197,-0.1243,0.1477,200,203
benign_email_end,3,0.0,0.0,0.0,0.0,0.0,0.0,0.5,0.5,0.5,nan,nan,nan,200,203
benign_email_end,4,0.0,0.0,0.0,0.0,0.0,0.0,0.5,0.5,0.5,nan,nan,nan,200,203
benign_email_end,5,0.0324,0.0324,0.0325,0.0324,0.0323,0.0324,0.5289,0.4705,0.5862,0.1131,-0.0225,0.2419,200,203
benign_email_end,6,0.0005,0.0005,0.0005,0.0005,0.0005,0.0005,0.4881,0.4321,0.5468,0.0288,-0.1052,0.1732,200,203
benign_email_end,7,0.0,0.0,0.0,0.0,0.0,0.0,0.3952,0.3437,0.4454,-0.0659,-0.1984,0.0627,200,203
benign_email_end,8,0.0,0.0,0.0,0.0,0.0,0.0,0.5,0.5,0.5,nan,nan,nan,200,203
benign_email_end,9,0.0,0.0,0.0,0.0,0.0,0.0,0.4828,0.4656,0.4977,0.0314,-0.1164,0.1894,200,203
benign_email_end,10,0.0,0.0,0.0,0.0,0.0,0.0,0.5,0.5,0.5,nan,nan,nan,200,203
benign_email_end,11,0.0,0.0,0.0,0.0,0.0,0.0,0.5,0.5,0.5,nan,nan,nan,200,203
benign_email_end,12,0.0,0.0,0.0,0.0,0.0,0.0,0.5,0.5,0.5,nan,nan,nan,200,203
benign_email_end,13,0.1713,0.1632,0.1803,0.1807,0.1722,0.1902,0.4599,0.404,0.5176,0.1046,-0.0364,0.251,200,203
benign_email_end,14,0.0,0.0,0.0,0.0,0.0,0.0,0.3921,0.346,0.4393,0.0148,-0.1305,0.1633,200,203
benign_email_end,15,0.0,0.0,0.0,0.0,0.0,0.0,0.5,0.5,0.5,nan,nan,nan,200,203
benign_email_end,16,0.0,0.0,0.0,0.0,0.0,0.0,0.5,0.5,0.5,nan,nan,nan,200,203
benign_email_end,17,0.0003,0.0003,0.0003,0.0003,0.0003,0.0003,0.4916,0.4341,0.548,0.0028,-0.1313,0.1456,200,203
benign_email_end,18,0.0003,0.0003,0.0004,0.0004,0.0004,0.0004,0.4178,0.361,0.4746,0.0694,-0.077,0.2047,200,203
benign_email_end,19,0.0042,0.0041,0.0043,0.0041,0.004,0.0042,0.5162,0.4589,0.5727,-0.0497,-0.1947,0.1012,200,203
benign_email_end,20,0.0003,0.0002,0.0003,0.0003,0.0003,0.0003,0.485,0.4291,0.5428,-0.0488,-0.1969,0.1041,200,203
benign_email_end,21,0.0,0.0,0.0,0.0,0.0,0.0,0.4924,0.4376,0.5495,-0.0029,-0.1412,0.1366,200,203
benign_email_end,22,0.0001,0.0001,0.0001,0.0001,0.0001,0.0001,0.5325,0.4764,0.5873,0.0679,-0.0741,0.2028,200,203
benign_email_end,23,0.0048,0.0047,0.005,0.0047,0.0045,0.0048,0.5518,0.4932,0.6072,-0.0178,-0.1604,0.1203,200,203
benign_email_end,24,0.2992,0.2955,0.3028,0.2928,0.2893,0.2964,0.5886,0.5325,0.6446,0.0051,-0.1343,0.136,200,203
benign_email_end,25,0.8292,0.8263,0.8319,0.8265,0.8237,0.8291,0.5415,0.4858,0.5977,0.0381,-0.0989,0.1738,200,203
benign_email_end,26,0.9927,0.9925,0.9928,0.9927,0.9926,0.9929,0.4782,0.4206,0.5358,0.0894,-0.045,0.2252,200,203
benign_email_end,27,0.9997,0.9997,0.9997,0.9997,0.9997,0.9997,0.5344,0.4757,0.588,0.0879,-0.0476,0.2212,200,203
benign_email_end,28,0.9998,0.9998,0.9999,0.9998,0.9998,0.9998,0.5266,0.4686,0.5833,0.0114,-0.1295,0.1403,200,203
benign_email_end,29,1.0,1.0,1.0,1.0,1.0,1.0,0.4994,0.4471,0.5518,-0.0686,-0.2072,0.0765,200,203
benign_email_end,30,1.0,1.0,1.0,1.0,1.0,1.0,0.5258,0.479,0.5729,0.0281,-0.1204,0.1809,200,203
benign_email_end,31,1.0,1.0,1.0,1.0,1.0,1.0,0.5206,0.4723,0.5707,-0.0952,-0.2283,0.0452,200,203
benign_email_end,32,0.9999,0.9999,0.9999,0.9999,0.9999,0.9999,0.5189,0.4659,0.5724,-0.1208,-0.2589,0.0268,200,203
benign_email_end,33,0.9999,0.9999,0.9999,0.9999,0.9999,0.9999,0.561,0.5098,0.6173,-0.0737,-0.2136,0.0633,200,203
benign_email_end,34,0.9999,0.9999,0.9999,0.9999,0.9999,0.9999,0.5161,0.4645,0.5683,-0.1126,-0.2322,0.0182,200,203
benign_email_end,35,0.9995,0.9995,0.9995,0.9995,0.9995,0.9995,0.5395,0.4865,0.5946,-0.1482,-0.2737,-0.0028,200,203
benign_email_end,36,0.9982,0.9981,0.9982,0.9981,0.9981,0.9981,0.5427,0.4871,0.5974,-0.0948,-0.2341,0.04,200,203
benign_email_end,37,0.9979,0.9979,0.9979,0.9979,0.9978,0.9979,0.5012,0.4452,0.5574,0.0256,-0.1118,0.1581,200,203
benign_email_end,38,0.9979,0.9979,0.9979,0.9979,0.9979,0.9979,0.4786,0.4221,0.5329,-0.0064,-0.145,0.1243,200,203
attacker_email_end,0,0.0,0.0,0.0,0.0,0.0,0.0,0.5012,0.4612,0.5417,0.0157,-0.1133,0.145,200,203
attacker_email_end,1,0.0026,0.0014,0.0039,0.0005,0.0002,0.0008,0.6012,0.5504,0.6521,-0.0414,-0.1857,0.0966,200,203
attacker_email_end,2,0.015,0.0085,0.0223,0.0025,0.0013,0.0037,0.7183,0.6674,0.7679,-0.0702,-0.207,0.0822,200,203
attacker_email_end,3,0.0193,0.0133,0.0257,0.0151,0.0051,0.0271,0.4773,0.421,0.5349,-0.0163,-0.1604,0.1254,200,203
attacker_email_end,4,0.0204,0.0097,0.0336,0.0017,0.0009,0.0027,0.4364,0.3782,0.4952,-0.0181,-0.1536,0.12,200,203
attacker_email_end,5,0.0353,0.0228,0.049,0.0252,0.0179,0.0325,0.4644,0.4059,0.522,-0.0967,-0.2355,0.0458,200,203
attacker_email_end,6,0.0089,0.0056,0.0133,0.0056,0.0044,0.007,0.5364,0.4793,0.5964,0.0055,-0.1314,0.1382,200,203
attacker_email_end,7,0.0048,0.0012,0.0114,0.0009,0.0008,0.0011,0.4379,0.3808,0.4945,0.0148,-0.1246,0.1465,200,203
attacker_email_end,8,0.0007,0.0,0.0019,0.0,0.0,0.0,0.7461,0.7059,0.7845,0.0425,-0.0959,0.1818,200,203
attacker_email_end,9,0.0278,0.0151,0.0436,0.0033,0.0019,0.0052,0.6209,0.5654,0.6738,0.0083,-0.1304,0.1519,200,203
attacker_email_end,10,0.001,0.0004,0.0018,0.0001,0.0001,0.0001,0.5386,0.4803,0.5963,0.1088,-0.0307,0.2521,200,203
attacker_email_end,11,0.0054,0.0023,0.0093,0.0001,0.0001,0.0001,0.5381,0.4783,0.5981,0.0388,-0.1067,0.1833,200,203
attacker_email_end,12,0.0189,0.0103,0.0294,0.0031,0.0026,0.0037,0.3184,0.2653,0.3718,-0.0667,-0.2123,0.0812,200,203
attacker_email_end,13,0.0315,0.0147,0.0509,0.0039,0.0014,0.0084,0.3947,0.3387,0.4535,-0.0291,-0.1763,0.1168,200,203
attacker_email_end,14,0.0018,0.0004,0.0037,0.0,0.0,0.0001,0.5252,0.4719,0.5781,-0.1027,-0.2421,0.0379,200,203
attacker_email_end,15,0.0156,0.0065,0.0283,0.0,0.0,0.0,0.7685,0.73,0.8045,-0.0134,-0.1479,0.1199,200,203
attacker_email_end,16,0.0187,0.0088,0.031,0.0,0.0,0.0001,0.7178,0.6748,0.7591,-0.106,-0.2454,0.0292,200,203
attacker_email_end,17,0.014,0.0043,0.028,0.0,0.0,0.0,0.7438,0.7061,0.7814,-0.0398,-0.1771,0.0989,200,203
attacker_email_end,18,0.0361,0.0235,0.0513,0.0,0.0,0.0,0.8536,0.8166,0.8885,-0.157,-0.2929,-0.0281,200,203
attacker_email_end,19,0.0011,0.0003,0.0024,0.0,0.0,0.0,0.7725,0.74,0.8075,-0.0341,-0.1721,0.1023,200,203
attacker_email_end,20,0.0002,0.0,0.0006,0.0,0.0,0.0,0.59,0.5625,0.6175,-0.0552,-0.1783,0.0815,200,203
attacker_email_end,21,0.0,0.0,0.0,0.0,0.0,0.0,0.565,0.5425,0.59,0.0633,-0.069,0.1881,200,203
attacker_email_end,22,0.0003,0.0,0.0008,0.0,0.0,0.0,0.4597,0.4156,0.5069,-0.0218,-0.1546,0.1148,200,203
attacker_email_end,23,0.0002,0.0,0.0004,0.0,0.0,0.0,0.64,0.6075,0.6725,-0.1319,-0.2528,0.0,200,203
attacker_email_end,24,0.0004,0.0,0.0009,0.0,0.0,0.0,0.5627,0.516,0.6109,-0.114,-0.244,0.0176,200,203
attacker_email_end,25,0.0007,0.0002,0.0012,0.0,0.0,0.0,0.4892,0.4361,0.5443,-0.0941,-0.2301,0.0444,200,203
attacker_email_end,26,0.015,0.0048,0.0274,0.0002,0.0002,0.0003,0.4458,0.3906,0.4983,-0.1193,-0.2636,0.017,200,203
attacker_email_end,27,0.0286,0.0133,0.0454,0.0043,0.0028,0.0059,0.5085,0.4511,0.5645,-0.1273,-0.2549,0.0132,200,203
attacker_email_end,28,0.0298,0.0154,0.0451,0.0023,0.0014,0.0032,0.5584,0.5011,0.6127,-0.128,-0.2637,0.0109,200,203
attacker_email_end,29,0.0627,0.0384,0.0877,0.0201,0.0129,0.0278,0.5259,0.4726,0.5815,-0.0986,-0.2338,0.0331,200,203
attacker_email_end,30,0.0818,0.0525,0.1122,0.0423,0.0277,0.0581,0.5063,0.4512,0.5633,-0.1118,-0.2471,0.0321,200,203
attacker_email_end,31,0.2046,0.1609,0.2523,0.2461,0.203,0.2863,0.5013,0.4427,0.5591,-0.0998,-0.2401,0.0349,200,203
attacker_email_end,32,0.2403,0.1941,0.2922,0.3214,0.2722,0.3684,0.4953,0.4362,0.549,-0.1308,-0.269,0.0108,200,203
attacker_email_end,33,0.2337,0.1911,0.2813,0.2751,0.2267,0.3236,0.5353,0.4743,0.5948,-0.129,-0.2671,0.0094,200,203
attacker_email_end,34,0.229,0.1852,0.2758,0.262,0.2144,0.3088,0.5315,0.4707,0.586,-0.1202,-0.2556,0.0218,200,203
attacker_email_end,35,0.3709,0.3198,0.4292,0.4738,0.4179,0.529,0.4622,0.4055,0.5163,-0.1396,-0.2717,-0.0046,200,203
attacker_email_end,36,0.394,0.3408,0.4512,0.4953,0.4382,0.5495,0.4661,0.4056,0.5199,-0.1415,-0.2696,-0.0041,200,203
attacker_email_end,37,0.3786,0.3263,0.4357,0.4495,0.3944,0.5009,0.4769,0.4211,0.5355,-0.1631,-0.2942,-0.026,200,203
attacker_email_end,38,0.1875,0.1522,0.2262,0.1636,0.1282,0.2012,0.5249,0.466,0.5804,-0.1789,-0.3185,-0.0415,200,203
prompt_end,0,0.0001,0.0001,0.0001,0.0001,0.0001,0.0001,0.5828,0.523,0.6445,0.1765,0.0199,0.3256,200,203
prompt_end,1,0.0891,0.0855,0.0932,0.0699,0.0691,0.0707,0.7626,0.7101,0.8135,0.099,-0.0395,0.2295,200,203
prompt_end,2,0.0559,0.0526,0.0596,0.0342,0.0337,0.0348,0.8204,0.7723,0.8653,-0.0441,-0.1822,0.09,200,203
prompt_end,3,0.2574,0.2501,0.2656,0.2118,0.2085,0.2148,0.7511,0.702,0.8013,-0.0252,-0.161,0.1065,200,203
prompt_end,4,0.0316,0.0292,0.0342,0.013,0.0126,0.0133,0.9233,0.8939,0.9488,0.2132,0.0698,0.3372,200,203
prompt_end,5,0.0008,0.0008,0.0008,0.0006,0.0006,0.0006,0.9152,0.8819,0.9447,0.1065,-0.0287,0.2386,200,203
prompt_end,6,0.0013,0.0013,0.0014,0.0013,0.0013,0.0013,0.5287,0.4675,0.5895,0.0054,-0.1286,0.1471,200,203
prompt_end,7,0.0,0.0,0.0,0.0,0.0,0.0,0.4008,0.3434,0.4566,-0.0128,-0.15,0.1241,200,203
prompt_end,8,0.0,0.0,0.0,0.0,0.0,0.0,0.5,0.5,0.5,nan,nan,nan,200,203
prompt_end,9,0.0002,0.0002,0.0002,0.0001,0.0001,0.0001,0.7733,0.7272,0.82,0.046,-0.0907,0.1862,200,203
prompt_end,10,0.0,0.0,0.0,0.0,0.0,0.0,0.6679,0.611,0.7219,0.1359,0.0028,0.2802,200,203
prompt_end,11,0.0,0.0,0.0,0.0,0.0,0.0,0.5656,0.5065,0.6227,0.0765,-0.0665,0.2118,200,203
prompt_end,12,0.0,0.0,0.0,0.0,0.0,0.0,0.1817,0.1451,0.2264,0.1044,-0.0396,0.2472,200,203
prompt_end,13,0.0,0.0,0.0,0.0,0.0,0.0,0.5,0.5,0.5,nan,nan,nan,200,203
prompt_end,14,0.0,0.0,0.0,0.0,0.0,0.0,0.4042,0.3496,0.4606,-0.0254,-0.1657,0.1111,200,203
prompt_end,15,0.0,0.0,0.0,0.0,0.0,0.0,0.5,0.5,0.5,nan,nan,nan,200,203
prompt_end,16,0.0,0.0,0.0,0.0,0.0,0.0,0.5,0.5,0.5,nan,nan,nan,200,203
prompt_end,17,0.0,0.0,0.0,0.0,0.0,0.0,0.5,0.5,0.5,nan,nan,nan,200,203
prompt_end,18,0.0,0.0,0.0,0.0,0.0,0.0,0.2383,0.1992,0.2799,-0.1865,-0.2944,-0.0695,200,203
prompt_end,19,0.0,0.0,0.0,0.0,0.0,0.0,0.5,0.5,0.5,nan,nan,nan,200,203
prompt_end,20,0.0,0.0,0.0,0.0,0.0,0.0,0.5,0.5,0.5,nan,nan,nan,200,203
prompt_end,21,0.0,0.0,0.0,0.0,0.0,0.0,0.5,0.5,0.5,nan,nan,nan,200,203
prompt_end,22,0.0,0.0,0.0,0.0,0.0,0.0,0.5,0.5,0.5,nan,nan,nan,200,203
prompt_end,23,0.0,0.0,0.0,0.0,0.0,0.0,0.5225,0.51,0.5375,0.2786,0.1547,0.3807,200,203
prompt_end,24,0.0,0.0,0.0,0.0,0.0,0.0,0.5025,0.5,0.5075,0.1251,0.1205,0.2439,200,203
prompt_end,25,0.0,0.0,0.0,0.0,0.0,0.0,0.5075,0.4802,0.5351,0.2442,0.0941,0.3751,200,203
prompt_end,26,0.006,0.0,0.0174,0.0,0.0,0.0,0.3701,0.3203,0.4161,0.3538,0.1974,0.484,200,203
prompt_end,27,0.094,0.0575,0.1324,0.0034,0.0033,0.0036,0.2524,0.1998,0.3061,0.1148,-0.0481,0.2729,200,203
prompt_end,28,0.0595,0.0328,0.0902,0.0007,0.0007,0.0007,0.2527,0.2018,0.3078,-0.0076,-0.1724,0.1558,200,203
prompt_end,29,0.091,0.0554,0.1306,0.0023,0.0021,0.0024,0.1946,0.1476,0.245,0.0066,-0.1462,0.1736,200,203
prompt_end,30,0.1007,0.0608,0.1439,0.0021,0.0019,0.0022,0.2325,0.1801,0.2836,0.019,-0.1414,0.1739,200,203
prompt_end,31,0.1344,0.0964,0.1755,0.072,0.0684,0.0759,0.2712,0.2173,0.327,-0.0946,-0.2579,0.063,200,203
prompt_end,32,0.1437,0.102,0.1892,0.0244,0.022,0.027,0.5457,0.4861,0.6082,0.0768,-0.0849,0.2312,200,203
prompt_end,33,0.1976,0.1576,0.2412,0.1006,0.0941,0.1078,0.4683,0.4093,0.5296,0.0593,-0.0953,0.2266,200,203
prompt_end,34,0.1446,0.1014,0.1922,0.0103,0.0095,0.0112,0.5883,0.5313,0.6513,0.2938,0.1462,0.4375,200,203
prompt_end,35,0.1987,0.1577,0.2422,0.0501,0.0462,0.0543,0.6626,0.6067,0.7167,0.3659,0.2223,0.4968,200,203
prompt_end,36,0.1907,0.1513,0.2325,0.0381,0.035,0.0417,0.7204,0.6679,0.771,0.3371,0.2007,0.4628,200,203
prompt_end,37,0.1649,0.1258,0.2075,0.0177,0.0155,0.0201,0.8043,0.7575,0.8477,0.4251,0.2861,0.5431,200,203
prompt_end,38,0.0587,0.0359,0.0863,0.0002,0.0002,0.0002,0.8055,0.7579,0.849,0.5044,0.3824,0.6187,200,203
